,OYear,OMonth,State,Sales
0,2015,1,Alabama,0.0
1,2015,1,Arizona,378.594
2,2015,1,Arkansas,1859.4
3,2015,1,California,2455.185
4,2015,1,Colorado,0.0
5,2015,1,Connecticut,0.0
6,2015,1,Delaware,9.94
7,2015,1,District of Columbia,0.0
8,2015,1,Florida,0.0
9,2015,1,Georgia,162.73
10,2015,1,Idaho,0.0
11,2015,1,Illinois,288.06
12,2015,1,Indiana,0.0
13,2015,1,Iowa,0.0
14,2015,1,Kansas,0.0
15,2015,1,Kentucky,4374.88
16,2015,1,Louisiana,1287.26
17,2015,1,Maine,0.0
18,2015,1,Maryland,0.0
19,2015,1,Massachusetts,0.0
20,2015,1,Michigan,949.116
21,2015,1,Minnesota,0.0
22,2015,1,Mississippi,0.0
23,2015,1,Missouri,0.0
24,2015,1,Montana,0.0
25,2015,1,Nebraska,0.0
26,2015,1,Nevada,40.08
27,2015,1,New Hampshire,0.0
28,2015,1,New Jersey,0.0
29,2015,1,New Mexico,0.0
30,2015,1,New York,3.928
31,2015,1,North Carolina,0.0
32,2015,1,North Dakota,0.0
33,2015,1,Ohio,40.846000000000004
34,2015,1,Oklahoma,0.0
35,2015,1,Oregon,64.864
36,2015,1,Pennsylvania,381.46000000000004
37,2015,1,Rhode Island,0.0
38,2015,1,South Carolina,545.94
39,2015,1,South Dakota,152.64000000000001
40,2015,1,Tennessee,67.194
41,2015,1,Texas,144.14999999999998
42,2015,1,Utah,0.0
43,2015,1,Vermont,0.0
44,2015,1,Virginia,999.4399999999999
45,2015,1,Washington,0.0
46,2015,1,West Virginia,0.0
47,2015,1,Wisconsin,0.0
48,2015,1,Wyoming,0.0
49,2015,2,Alabama,0.0
50,2015,2,Arizona,0.0
51,2015,2,Arkansas,0.0
52,2015,2,California,308.702
53,2015,2,Colorado,0.0
54,2015,2,Connecticut,0.0
55,2015,2,Delaware,0.0
56,2015,2,District of Columbia,0.0
57,2015,2,Florida,199.296
58,2015,2,Georgia,0.0
59,2015,2,Idaho,0.0
60,2015,2,Illinois,72.00999999999999
61,2015,2,Indiana,82.63
62,2015,2,Iowa,0.0
63,2015,2,Kansas,0.0
64,2015,2,Kentucky,0.0
65,2015,2,Louisiana,0.0
66,2015,2,Maine,0.0
67,2015,2,Maryland,0.0
68,2015,2,Massachusetts,0.0
69,2015,2,Michigan,0.0
70,2015,2,Minnesota,0.0
71,2015,2,Mississippi,0.0
72,2015,2,Missouri,535.27
73,2015,2,Montana,0.0
74,2015,2,Nebraska,0.0
75,2015,2,Nevada,14.56
76,2015,2,New Hampshire,0.0
77,2015,2,New Jersey,115.36
78,2015,2,New Mexico,0.0
79,2015,2,New York,64.96
80,2015,2,North Carolina,0.0
81,2015,2,North Dakota,0.0
82,2015,2,Ohio,19.456
83,2015,2,Oklahoma,0.0
84,2015,2,Oregon,55.672
85,2015,2,Pennsylvania,0.0
86,2015,2,Rhode Island,0.0
87,2015,2,South Carolina,0.0
88,2015,2,South Dakota,0.0
89,2015,2,Tennessee,0.0
90,2015,2,Texas,74.364
91,2015,2,Utah,0.0
92,2015,2,Vermont,0.0
93,2015,2,Virginia,1829.69
94,2015,2,Washington,679.0219999999999
95,2015,2,West Virginia,0.0
96,2015,2,Wisconsin,468.9
97,2015,2,Wyoming,0.0
98,2015,3,Alabama,0.0
99,2015,3,Arizona,388.70399999999995
100,2015,3,Arkansas,0.0
101,2015,3,California,7239.0960000000005
102,2015,3,Colorado,719.576
103,2015,3,Connecticut,0.0
104,2015,3,Delaware,0.0
105,2015,3,District of Columbia,0.0
106,2015,3,Florida,25883.325999999997
107,2015,3,Georgia,0.0
108,2015,3,Idaho,0.0
109,2015,3,Illinois,1323.0639999999999
110,2015,3,Indiana,16.28
111,2015,3,Iowa,1190.84
112,2015,3,Kansas,0.0
113,2015,3,Kentucky,782.6300000000001
114,2015,3,Louisiana,0.0
115,2015,3,Maine,0.0
116,2015,3,Maryland,0.0
117,2015,3,Massachusetts,0.0
118,2015,3,Michigan,22.38
119,2015,3,Minnesota,379.22
120,2015,3,Mississippi,103.5
121,2015,3,Missouri,0.0
122,2015,3,Montana,0.0
123,2015,3,Nebraska,0.0
124,2015,3,Nevada,0.0
125,2015,3,New Hampshire,0.0
126,2015,3,New Jersey,0.0
127,2015,3,New Mexico,302.376
128,2015,3,New York,4936.218
129,2015,3,North Carolina,566.7570000000001
130,2015,3,North Dakota,0.0
131,2015,3,Ohio,394.48199999999997
132,2015,3,Oklahoma,0.0
133,2015,3,Oregon,0.0
134,2015,3,Pennsylvania,127.476
135,2015,3,Rhode Island,0.0
136,2015,3,South Carolina,354.9
137,2015,3,South Dakota,0.0
138,2015,3,Tennessee,310.528
139,2015,3,Texas,2895.818
140,2015,3,Utah,280.276
141,2015,3,Vermont,0.0
142,2015,3,Virginia,4909.48
143,2015,3,Washington,2078.87
144,2015,3,West Virginia,0.0
145,2015,3,Wisconsin,0.0
146,2015,3,Wyoming,0.0
147,2015,4,Alabama,1224.88
148,2015,4,Arizona,71.168
149,2015,4,Arkansas,0.0
150,2015,4,California,7892.0509999999995
151,2015,4,Colorado,0.0
152,2015,4,Connecticut,0.0
153,2015,4,Delaware,19.98
154,2015,4,District of Columbia,0.0
155,2015,4,Florida,737.2
156,2015,4,Georgia,1479.96
157,2015,4,Idaho,9.584
158,2015,4,Illinois,101.728
159,2015,4,Indiana,32.4
160,2015,4,Iowa,0.0
161,2015,4,Kansas,0.0
162,2015,4,Kentucky,1829.79
163,2015,4,Louisiana,434.83000000000004
164,2015,4,Maine,0.0
165,2015,4,Maryland,534.7900000000001
166,2015,4,Massachusetts,73.19999999999999
167,2015,4,Michigan,855.44
168,2015,4,Minnesota,0.0
169,2015,4,Mississippi,47.79
170,2015,4,Missouri,0.0
171,2015,4,Montana,410.104
172,2015,4,Nebraska,0.0
173,2015,4,Nevada,0.0
174,2015,4,New Hampshire,0.0
175,2015,4,New Jersey,0.0
176,2015,4,New Mexico,0.0
177,2015,4,New York,490.672
178,2015,4,North Carolina,341.448
179,2015,4,North Dakota,0.0
180,2015,4,Ohio,694.8820000000001
181,2015,4,Oklahoma,0.0
182,2015,4,Oregon,0.0
183,2015,4,Pennsylvania,960.01
184,2015,4,Rhode Island,0.0
185,2015,4,South Carolina,752.9200000000001
186,2015,4,South Dakota,0.0
187,2015,4,Tennessee,661.5039999999999
188,2015,4,Texas,2722.772
189,2015,4,Utah,0.0
190,2015,4,Vermont,0.0
191,2015,4,Virginia,4558.93
192,2015,4,Washington,687.4499999999999
193,2015,4,West Virginia,0.0
194,2015,4,Wisconsin,0.0
195,2015,4,Wyoming,0.0
196,2015,5,Alabama,180.93
197,2015,5,Arizona,0.0
198,2015,5,Arkansas,0.0
199,2015,5,California,5960.0199999999995
200,2015,5,Colorado,0.0
201,2015,5,Connecticut,27.46
202,2015,5,Delaware,0.0
203,2015,5,District of Columbia,0.0
204,2015,5,Florida,1196.32
205,2015,5,Georgia,0.0
206,2015,5,Idaho,0.0
207,2015,5,Illinois,1840.899
208,2015,5,Indiana,0.0
209,2015,5,Iowa,0.0
210,2015,5,Kansas,0.0
211,2015,5,Kentucky,199.25
212,2015,5,Louisiana,0.0
213,2015,5,Maine,0.0
214,2015,5,Maryland,116.28
215,2015,5,Massachusetts,2503.0860000000002
216,2015,5,Michigan,104.22
217,2015,5,Minnesota,0.0
218,2015,5,Mississippi,773.7
219,2015,5,Missouri,0.0
220,2015,5,Montana,0.0
221,2015,5,Nebraska,0.0
222,2015,5,Nevada,0.0
223,2015,5,New Hampshire,211.66000000000003
224,2015,5,New Jersey,0.0
225,2015,5,New Mexico,0.0
226,2015,5,New York,1168.624
227,2015,5,North Carolina,0.0
228,2015,5,North Dakota,0.0
229,2015,5,Ohio,971.1
230,2015,5,Oklahoma,0.0
231,2015,5,Oregon,0.0
232,2015,5,Pennsylvania,2251.893
233,2015,5,Rhode Island,0.0
234,2015,5,South Carolina,0.0
235,2015,5,South Dakota,0.0
236,2015,5,Tennessee,0.0
237,2015,5,Texas,1951.373
238,2015,5,Utah,103.9
239,2015,5,Vermont,0.0
240,2015,5,Virginia,3429.04
241,2015,5,Washington,506.51800000000003
242,2015,5,West Virginia,0.0
243,2015,5,Wisconsin,148.03
244,2015,5,Wyoming,0.0
245,2015,6,Alabama,0.0
246,2015,6,Arizona,12.498000000000001
247,2015,6,Arkansas,904.13
248,2015,6,California,4379.3240000000005
249,2015,6,Colorado,233.00400000000002
250,2015,6,Connecticut,21.4
251,2015,6,Delaware,65.97
252,2015,6,District of Columbia,0.0
253,2015,6,Florida,63.381
254,2015,6,Georgia,605.47
255,2015,6,Idaho,0.0
256,2015,6,Illinois,325.217
257,2015,6,Indiana,647.84
258,2015,6,Iowa,0.0
259,2015,6,Kansas,0.0
260,2015,6,Kentucky,0.0
261,2015,6,Louisiana,0.0
262,2015,6,Maine,0.0
263,2015,6,Maryland,0.0
264,2015,6,Massachusetts,0.0
265,2015,6,Michigan,929.9300000000001
266,2015,6,Minnesota,4409.38
267,2015,6,Mississippi,616.14
268,2015,6,Missouri,0.0
269,2015,6,Montana,0.0
270,2015,6,Nebraska,0.0
271,2015,6,Nevada,134.6
272,2015,6,New Hampshire,0.0
273,2015,6,New Jersey,1661.3700000000001
274,2015,6,New Mexico,0.0
275,2015,6,New York,5743.314
276,2015,6,North Carolina,333.808
277,2015,6,North Dakota,0.0
278,2015,6,Ohio,48.983999999999995
279,2015,6,Oklahoma,475.41999999999996
280,2015,6,Oregon,344.91999999999996
281,2015,6,Pennsylvania,3218.118
282,2015,6,Rhode Island,0.0
283,2015,6,South Carolina,0.0
284,2015,6,South Dakota,0.0
285,2015,6,Tennessee,170.352
286,2015,6,Texas,2586.3196
287,2015,6,Utah,133.128
288,2015,6,Vermont,0.0
289,2015,6,Virginia,1866.9699999999998
290,2015,6,Washington,4391.948
291,2015,6,West Virginia,0.0
292,2015,6,Wisconsin,0.0
293,2015,6,Wyoming,0.0
294,2015,7,Alabama,0.0
295,2015,7,Arizona,1835.432
296,2015,7,Arkansas,0.0
297,2015,7,California,16231.650999999998
298,2015,7,Colorado,209.96800000000002
299,2015,7,Connecticut,455.23
300,2015,7,Delaware,39.48
301,2015,7,District of Columbia,0.0
302,2015,7,Florida,1016.802
303,2015,7,Georgia,256.47999999999996
304,2015,7,Idaho,0.0
305,2015,7,Illinois,251.45200000000003
306,2015,7,Indiana,0.0
307,2015,7,Iowa,0.0
308,2015,7,Kansas,0.0
309,2015,7,Kentucky,0.0
310,2015,7,Louisiana,0.0
311,2015,7,Maine,0.0
312,2015,7,Maryland,0.0
313,2015,7,Massachusetts,0.0
314,2015,7,Michigan,0.0
315,2015,7,Minnesota,0.0
316,2015,7,Mississippi,514.03
317,2015,7,Missouri,0.0
318,2015,7,Montana,6.096
319,2015,7,Nebraska,35.98
320,2015,7,Nevada,1891.316
321,2015,7,New Hampshire,0.0
322,2015,7,New Jersey,1448.18
323,2015,7,New Mexico,0.0
324,2015,7,New York,1054.818
325,2015,7,North Carolina,0.0
326,2015,7,North Dakota,0.0
327,2015,7,Ohio,53.344
328,2015,7,Oklahoma,0.0
329,2015,7,Oregon,0.0
330,2015,7,Pennsylvania,352.244
331,2015,7,Rhode Island,0.0
332,2015,7,South Carolina,0.0
333,2015,7,South Dakota,9.51
334,2015,7,Tennessee,4.368
335,2015,7,Texas,6443.632
336,2015,7,Utah,111.93
337,2015,7,Vermont,0.0
338,2015,7,Virginia,37.44
339,2015,7,Washington,1522.1599999999999
340,2015,7,West Virginia,0.0
341,2015,7,Wisconsin,0.0
342,2015,7,Wyoming,0.0
343,2015,8,Alabama,0.0
344,2015,8,Arizona,324.185
345,2015,8,Arkansas,1123.6100000000001
346,2015,8,California,5090.892
347,2015,8,Colorado,645.726
348,2015,8,Connecticut,1401.56
349,2015,8,Delaware,190.01
350,2015,8,District of Columbia,0.0
351,2015,8,Florida,1767.4105
352,2015,8,Georgia,344.91
353,2015,8,Idaho,0.0
354,2015,8,Illinois,421.372
355,2015,8,Indiana,0.0
356,2015,8,Iowa,0.0
357,2015,8,Kansas,0.0
358,2015,8,Kentucky,25.5
359,2015,8,Louisiana,0.0
360,2015,8,Maine,617.12
361,2015,8,Maryland,0.0
362,2015,8,Massachusetts,0.0
363,2015,8,Michigan,1129.165
364,2015,8,Minnesota,0.0
365,2015,8,Mississippi,0.0
366,2015,8,Missouri,897.8399999999999
367,2015,8,Montana,8.288
368,2015,8,Nebraska,0.0
369,2015,8,Nevada,0.0
370,2015,8,New Hampshire,0.0
371,2015,8,New Jersey,196.21
372,2015,8,New Mexico,92.52
373,2015,8,New York,988.682
374,2015,8,North Carolina,202.89600000000002
375,2015,8,North Dakota,0.0
376,2015,8,Ohio,330.094
377,2015,8,Oklahoma,0.0
378,2015,8,Oregon,0.0
379,2015,8,Pennsylvania,858.7719999999999
380,2015,8,Rhode Island,0.0
381,2015,8,South Carolina,62.91
382,2015,8,South Dakota,0.0
383,2015,8,Tennessee,0.0
384,2015,8,Texas,573.806
385,2015,8,Utah,2126.034
386,2015,8,Vermont,0.0
387,2015,8,Virginia,3242.7200000000003
388,2015,8,Washington,4455.304
389,2015,8,West Virginia,0.0
390,2015,8,Wisconsin,0.0
391,2015,8,Wyoming,0.0
392,2015,9,Alabama,0.0
393,2015,9,Arizona,153.315
394,2015,9,Arkansas,1793.98
395,2015,9,California,4646.597
396,2015,9,Colorado,14.576
397,2015,9,Connecticut,0.0
398,2015,9,Delaware,55.46
399,2015,9,District of Columbia,0.0
400,2015,9,Florida,418.17600000000004
401,2015,9,Georgia,266.41
402,2015,9,Idaho,0.0
403,2015,9,Illinois,2575.188
404,2015,9,Indiana,0.0
405,2015,9,Iowa,0.0
406,2015,9,Kansas,787.8499999999999
407,2015,9,Kentucky,0.0
408,2015,9,Louisiana,0.0
409,2015,9,Maine,0.0
410,2015,9,Maryland,587.14
411,2015,9,Massachusetts,2350.63
412,2015,9,Michigan,103.6
413,2015,9,Minnesota,9900.19
414,2015,9,Mississippi,0.0
415,2015,9,Missouri,0.0
416,2015,9,Montana,0.0
417,2015,9,Nebraska,68.71000000000001
418,2015,9,Nevada,0.0
419,2015,9,New Hampshire,0.0
420,2015,9,New Jersey,424.36
421,2015,9,New Mexico,0.0
422,2015,9,New York,16816.423
423,2015,9,North Carolina,4362.943
424,2015,9,North Dakota,0.0
425,2015,9,Ohio,1299.194
426,2015,9,Oklahoma,1683.97
427,2015,9,Oregon,1827.0610000000001
428,2015,9,Pennsylvania,3759.582
429,2015,9,Rhode Island,0.0
430,2015,9,South Carolina,0.0
431,2015,9,South Dakota,0.0
432,2015,9,Tennessee,69.216
433,2015,9,Texas,19135.3578
434,2015,9,Utah,0.0
435,2015,9,Vermont,0.0
436,2015,9,Virginia,264.61
437,2015,9,Washington,8258.988
438,2015,9,West Virginia,0.0
439,2015,9,Wisconsin,0.0
440,2015,9,Wyoming,0.0
441,2015,10,Alabama,2216.8
442,2015,10,Arizona,1387.352
443,2015,10,Arkansas,621.57
444,2015,10,California,4582.182
445,2015,10,Colorado,0.0
446,2015,10,Connecticut,0.0
447,2015,10,Delaware,0.0
448,2015,10,District of Columbia,0.0
449,2015,10,Florida,25.752000000000002
450,2015,10,Georgia,0.0
451,2015,10,Idaho,0.0
452,2015,10,Illinois,4222.947
453,2015,10,Indiana,464.2
454,2015,10,Iowa,0.0
455,2015,10,Kansas,257.98
456,2015,10,Kentucky,0.0
457,2015,10,Louisiana,129.92
458,2015,10,Maine,0.0
459,2015,10,Maryland,0.0
460,2015,10,Massachusetts,1885.27
461,2015,10,Michigan,211.96
462,2015,10,Minnesota,0.0
463,2015,10,Mississippi,0.0
464,2015,10,Missouri,0.0
465,2015,10,Montana,0.0
466,2015,10,Nebraska,15.36
467,2015,10,Nevada,4.71
468,2015,10,New Hampshire,292.82
469,2015,10,New Jersey,264.92
470,2015,10,New Mexico,255.85
471,2015,10,New York,721.0819999999999
472,2015,10,North Carolina,202.32
473,2015,10,North Dakota,0.0
474,2015,10,Ohio,2663.404
475,2015,10,Oklahoma,0.0
476,2015,10,Oregon,0.0
477,2015,10,Pennsylvania,1001.122
478,2015,10,Rhode Island,2116.5060000000003
479,2015,10,South Carolina,11.85
480,2015,10,South Dakota,0.0
481,2015,10,Tennessee,426.942
482,2015,10,Texas,3793.31
483,2015,10,Utah,0.0
484,2015,10,Vermont,0.0
485,2015,10,Virginia,1178.6000000000001
486,2015,10,Washington,2498.6639999999998
487,2015,10,West Virginia,0.0
488,2015,10,Wisconsin,0.0
489,2015,10,Wyoming,0.0
490,2015,11,Alabama,14.67
491,2015,11,Arizona,173.704
492,2015,11,Arkansas,0.0
493,2015,11,California,13690.0625
494,2015,11,Colorado,3376.228
495,2015,11,Connecticut,888.3699999999999
496,2015,11,Delaware,4387.91
497,2015,11,District of Columbia,0.0
498,2015,11,Florida,806.562
499,2015,11,Georgia,1032.57
500,2015,11,Idaho,0.0
501,2015,11,Illinois,2654.576
502,2015,11,Indiana,372.62
503,2015,11,Iowa,0.0
504,2015,11,Kansas,273.96
505,2015,11,Kentucky,940.66
506,2015,11,Louisiana,682.91
507,2015,11,Maine,0.0
508,2015,11,Maryland,0.0
509,2015,11,Massachusetts,0.0
510,2015,11,Michigan,1742.4
511,2015,11,Minnesota,1050.18
512,2015,11,Mississippi,0.0
513,2015,11,Missouri,111.79
514,2015,11,Montana,0.0
515,2015,11,Nebraska,89.97
516,2015,11,Nevada,0.0
517,2015,11,New Hampshire,0.0
518,2015,11,New Jersey,81.88000000000001
519,2015,11,New Mexico,0.0
520,2015,11,New York,20499.328
521,2015,11,North Carolina,2514.601
522,2015,11,North Dakota,0.0
523,2015,11,Ohio,3832.03
524,2015,11,Oklahoma,0.0
525,2015,11,Oregon,1773.88
526,2015,11,Pennsylvania,3830.717
527,2015,11,Rhode Island,52.96
528,2015,11,South Carolina,542.34
529,2015,11,South Dakota,0.0
530,2015,11,Tennessee,509.52
531,2015,11,Texas,6232.6602
532,2015,11,Utah,188.42
533,2015,11,Vermont,0.0
534,2015,11,Virginia,341.24
535,2015,11,Washington,3842.642
536,2015,11,West Virginia,0.0
537,2015,11,Wisconsin,1376.3
538,2015,11,Wyoming,0.0
539,2015,12,Alabama,2501.81
540,2015,12,Arizona,3570.283
541,2015,12,Arkansas,0.0
542,2015,12,California,16999.3865
543,2015,12,Colorado,1303.216
544,2015,12,Connecticut,0.0
545,2015,12,Delaware,17.28
546,2015,12,District of Columbia,0.0
547,2015,12,Florida,2108.787
548,2015,12,Georgia,61.239999999999995
549,2015,12,Idaho,455.63199999999995
550,2015,12,Illinois,1700.1779999999999
551,2015,12,Indiana,1314.9
552,2015,12,Iowa,0.0
553,2015,12,Kansas,0.0
554,2015,12,Kentucky,12.39
555,2015,12,Louisiana,0.0
556,2015,12,Maine,0.0
557,2015,12,Maryland,463.04
558,2015,12,Massachusetts,3087.92
559,2015,12,Michigan,124.04
560,2015,12,Minnesota,144.35999999999999
561,2015,12,Mississippi,0.0
562,2015,12,Missouri,103.13
563,2015,12,Montana,0.0
564,2015,12,Nebraska,0.0
565,2015,12,Nevada,475.944
566,2015,12,New Hampshire,0.0
567,2015,12,New Jersey,0.0
568,2015,12,New Mexico,57.266
569,2015,12,New York,11858.018
570,2015,12,North Carolina,95.968
571,2015,12,North Dakota,0.0
572,2015,12,Ohio,3075.068
573,2015,12,Oklahoma,479.96
574,2015,12,Oregon,594.698
575,2015,12,Pennsylvania,3350.13
576,2015,12,Rhode Island,2846.22
577,2015,12,South Carolina,0.0
578,2015,12,South Dakota,0.0
579,2015,12,Tennessee,831.8879999999999
580,2015,12,Texas,3585.926
581,2015,12,Utah,0.0
582,2015,12,Vermont,0.0
583,2015,12,Virginia,3143.89
584,2015,12,Washington,950.01
585,2015,12,West Virginia,0.0
586,2015,12,Wisconsin,2854.48
587,2015,12,Wyoming,0.0
588,2016,1,Alabama,0.0
589,2016,1,Arizona,0.0
590,2016,1,Arkansas,0.0
591,2016,1,California,5889.954
592,2016,1,Colorado,31.538
593,2016,1,Connecticut,0.0
594,2016,1,Delaware,580.58
595,2016,1,District of Columbia,0.0
596,2016,1,Florida,13.12
597,2016,1,Georgia,9.82
598,2016,1,Idaho,0.0
599,2016,1,Illinois,254.744
600,2016,1,Indiana,0.0
601,2016,1,Iowa,0.0
602,2016,1,Kansas,0.0
603,2016,1,Kentucky,364.07
604,2016,1,Louisiana,0.0
605,2016,1,Maine,0.0
606,2016,1,Maryland,0.0
607,2016,1,Massachusetts,6.68
608,2016,1,Michigan,0.0
609,2016,1,Minnesota,171.5
610,2016,1,Mississippi,0.0
611,2016,1,Missouri,0.0
612,2016,1,Montana,43.66
613,2016,1,Nebraska,0.0
614,2016,1,Nevada,0.0
615,2016,1,New Hampshire,0.0
616,2016,1,New Jersey,0.0
617,2016,1,New Mexico,0.0
618,2016,1,New York,1108.272
619,2016,1,North Carolina,4297.644
620,2016,1,North Dakota,0.0
621,2016,1,Ohio,2868.344
622,2016,1,Oklahoma,0.0
623,2016,1,Oregon,0.0
624,2016,1,Pennsylvania,0.0
625,2016,1,Rhode Island,0.0
626,2016,1,South Carolina,0.0
627,2016,1,South Dakota,0.0
628,2016,1,Tennessee,88.96
629,2016,1,Texas,2084.2676
630,2016,1,Utah,0.0
631,2016,1,Vermont,0.0
632,2016,1,Virginia,192.22
633,2016,1,Washington,61.584
634,2016,1,West Virginia,0.0
635,2016,1,Wisconsin,0.0
636,2016,1,Wyoming,0.0
637,2016,2,Alabama,0.0
638,2016,2,Arizona,0.0
639,2016,2,Arkansas,29.99
640,2016,2,California,1198.714
641,2016,2,Colorado,0.0
642,2016,2,Connecticut,0.0
643,2016,2,Delaware,1558.4199999999998
644,2016,2,District of Columbia,0.0
645,2016,2,Florida,0.0
646,2016,2,Georgia,74.52
647,2016,2,Idaho,0.0
648,2016,2,Illinois,479.952
649,2016,2,Indiana,0.0
650,2016,2,Iowa,0.0
651,2016,2,Kansas,21.11
652,2016,2,Kentucky,0.0
653,2016,2,Louisiana,0.0
654,2016,2,Maine,0.0
655,2016,2,Maryland,2541.98
656,2016,2,Massachusetts,25.869999999999997
657,2016,2,Michigan,79.36
658,2016,2,Minnesota,0.0
659,2016,2,Mississippi,0.0
660,2016,2,Missouri,0.0
661,2016,2,Montana,0.0
662,2016,2,Nebraska,178.37
663,2016,2,Nevada,0.0
664,2016,2,New Hampshire,35.88
665,2016,2,New Jersey,286.79
666,2016,2,New Mexico,49.12
667,2016,2,New York,781.072
668,2016,2,North Carolina,0.0
669,2016,2,North Dakota,0.0
670,2016,2,Ohio,535.53
671,2016,2,Oklahoma,0.0
672,2016,2,Oregon,0.0
673,2016,2,Pennsylvania,97.691
674,2016,2,Rhode Island,599.9
675,2016,2,South Carolina,0.0
676,2016,2,South Dakota,0.0
677,2016,2,Tennessee,551.264
678,2016,2,Texas,793.894
679,2016,2,Utah,12.144
680,2016,2,Vermont,0.0
681,2016,2,Virginia,500.73999999999995
682,2016,2,Washington,544.1999999999999
683,2016,2,West Virginia,0.0
684,2016,2,Wisconsin,974.9000000000001
685,2016,2,Wyoming,0.0
686,2016,3,Alabama,518.49
687,2016,3,Arizona,0.0
688,2016,3,Arkansas,0.0
689,2016,3,California,5852.804
690,2016,3,Colorado,3.408
691,2016,3,Connecticut,0.0
692,2016,3,Delaware,807.54
693,2016,3,District of Columbia,0.0
694,2016,3,Florida,1987.048
695,2016,3,Georgia,6471.49
696,2016,3,Idaho,0.0
697,2016,3,Illinois,1203.274
698,2016,3,Indiana,196.64999999999998
699,2016,3,Iowa,0.0
700,2016,3,Kansas,0.0
701,2016,3,Kentucky,0.0
702,2016,3,Louisiana,0.0
703,2016,3,Maine,0.0
704,2016,3,Maryland,89.82
705,2016,3,Massachusetts,0.0
706,2016,3,Michigan,0.0
707,2016,3,Minnesota,0.0
708,2016,3,Mississippi,0.0
709,2016,3,Missouri,0.0
710,2016,3,Montana,0.0
711,2016,3,Nebraska,0.0
712,2016,3,Nevada,0.0
713,2016,3,New Hampshire,688.46
714,2016,3,New Jersey,0.0
715,2016,3,New Mexico,0.0
716,2016,3,New York,1188.607
717,2016,3,North Carolina,1280.027
718,2016,3,North Dakota,0.0
719,2016,3,Ohio,0.0
720,2016,3,Oklahoma,0.0
721,2016,3,Oregon,29.304
722,2016,3,Pennsylvania,693.11
723,2016,3,Rhode Island,0.0
724,2016,3,South Carolina,59.480000000000004
725,2016,3,South Dakota,0.0
726,2016,3,Tennessee,0.0
727,2016,3,Texas,2297.5744
728,2016,3,Utah,16.776
729,2016,3,Vermont,0.0
730,2016,3,Virginia,5.56
731,2016,3,Washington,6366.176
732,2016,3,West Virginia,0.0
733,2016,3,Wisconsin,2583.7200000000003
734,2016,3,Wyoming,0.0
735,2016,4,Alabama,0.0
736,2016,4,Arizona,184.464
737,2016,4,Arkansas,0.0
738,2016,4,California,8469.552
739,2016,4,Colorado,49.400000000000006
740,2016,4,Connecticut,370.14
741,2016,4,Delaware,0.0
742,2016,4,District of Columbia,2670.19
743,2016,4,Florida,316.02750000000003
744,2016,4,Georgia,896.3100000000001
745,2016,4,Idaho,0.0
746,2016,4,Illinois,2045.7250000000001
747,2016,4,Indiana,209.55
748,2016,4,Iowa,0.0
749,2016,4,Kansas,0.0
750,2016,4,Kentucky,893.0899999999999
751,2016,4,Louisiana,106.5
752,2016,4,Maine,0.0
753,2016,4,Maryland,0.0
754,2016,4,Massachusetts,281.15999999999997
755,2016,4,Michigan,5454.267999999999
756,2016,4,Minnesota,0.0
757,2016,4,Mississippi,0.0
758,2016,4,Missouri,0.0
759,2016,4,Montana,0.0
760,2016,4,Nebraska,17.43
761,2016,4,Nevada,0.0
762,2016,4,New Hampshire,0.0
763,2016,4,New Jersey,0.0
764,2016,4,New Mexico,12.88
765,2016,4,New York,1502.592
766,2016,4,North Carolina,47.952
767,2016,4,North Dakota,0.0
768,2016,4,Ohio,1262.174
769,2016,4,Oklahoma,0.0
770,2016,4,Oregon,35.208
771,2016,4,Pennsylvania,1692.54
772,2016,4,Rhode Island,0.0
773,2016,4,South Carolina,0.0
774,2016,4,South Dakota,0.0
775,2016,4,Tennessee,1159.554
776,2016,4,Texas,3584.932
777,2016,4,Utah,0.0
778,2016,4,Vermont,0.0
779,2016,4,Virginia,2298.8999999999996
780,2016,4,Washington,263.78
781,2016,4,West Virginia,0.0
782,2016,4,Wisconsin,330.15
783,2016,4,Wyoming,0.0
784,2016,5,Alabama,0.0
785,2016,5,Arizona,332.954
786,2016,5,Arkansas,0.0
787,2016,5,California,8055.5755
788,2016,5,Colorado,1094.0
789,2016,5,Connecticut,115.99
790,2016,5,Delaware,0.0
791,2016,5,District of Columbia,0.0
792,2016,5,Florida,533.6
793,2016,5,Georgia,17.94
794,2016,5,Idaho,0.0
795,2016,5,Illinois,1234.017
796,2016,5,Indiana,138.32
797,2016,5,Iowa,0.0
798,2016,5,Kansas,149.2
799,2016,5,Kentucky,94.49000000000001
800,2016,5,Louisiana,0.0
801,2016,5,Maine,0.0
802,2016,5,Maryland,0.0
803,2016,5,Massachusetts,0.0
804,2016,5,Michigan,925.83
805,2016,5,Minnesota,3113.75
806,2016,5,Mississippi,0.0
807,2016,5,Missouri,0.0
808,2016,5,Montana,0.0
809,2016,5,Nebraska,0.0
810,2016,5,Nevada,0.0
811,2016,5,New Hampshire,0.0
812,2016,5,New Jersey,345.26
813,2016,5,New Mexico,0.0
814,2016,5,New York,4716.314
815,2016,5,North Carolina,531.9839999999999
816,2016,5,North Dakota,0.0
817,2016,5,Ohio,375.01800000000003
818,2016,5,Oklahoma,0.0
819,2016,5,Oregon,5.248
820,2016,5,Pennsylvania,1705.236
821,2016,5,Rhode Island,51.45
822,2016,5,South Carolina,186.69
823,2016,5,South Dakota,0.0
824,2016,5,Tennessee,467.04
825,2016,5,Texas,3062.786
826,2016,5,Utah,1745.71
827,2016,5,Vermont,0.0
828,2016,5,Virginia,151.96
829,2016,5,Washington,809.168
830,2016,5,West Virginia,0.0
831,2016,5,Wisconsin,0.0
832,2016,5,Wyoming,0.0
833,2016,6,Alabama,976.29
834,2016,6,Arizona,1225.5639999999999
835,2016,6,Arkansas,0.0
836,2016,6,California,3018.538
837,2016,6,Colorado,125.944
838,2016,6,Connecticut,0.0
839,2016,6,Delaware,29.9
840,2016,6,District of Columbia,0.0
841,2016,6,Florida,3530.328
842,2016,6,Georgia,274.88
843,2016,6,Idaho,495.736
844,2016,6,Illinois,941.929
845,2016,6,Indiana,24.56
846,2016,6,Iowa,0.0
847,2016,6,Kansas,0.0
848,2016,6,Kentucky,0.0
849,2016,6,Louisiana,207.82
850,2016,6,Maine,106.08000000000001
851,2016,6,Maryland,0.0
852,2016,6,Massachusetts,0.0
853,2016,6,Michigan,829.33
854,2016,6,Minnesota,0.0
855,2016,6,Mississippi,0.0
856,2016,6,Missouri,10.56
857,2016,6,Montana,0.0
858,2016,6,Nebraska,269.98
859,2016,6,Nevada,0.0
860,2016,6,New Hampshire,0.0
861,2016,6,New Jersey,0.0
862,2016,6,New Mexico,0.0
863,2016,6,New York,6133.124000000001
864,2016,6,North Carolina,0.0
865,2016,6,North Dakota,0.0
866,2016,6,Ohio,544.972
867,2016,6,Oklahoma,0.0
868,2016,6,Oregon,0.0
869,2016,6,Pennsylvania,628.912
870,2016,6,Rhode Island,0.0
871,2016,6,South Carolina,0.0
872,2016,6,South Dakota,0.0
873,2016,6,Tennessee,670.001
874,2016,6,Texas,1636.828
875,2016,6,Utah,4.96
876,2016,6,Vermont,0.0
877,2016,6,Virginia,1694.93
878,2016,6,Washington,218.20800000000003
879,2016,6,West Virginia,0.0
880,2016,6,Wisconsin,0.0
881,2016,6,Wyoming,0.0
882,2016,7,Alabama,457.03999999999996
883,2016,7,Arizona,1525.824
884,2016,7,Arkansas,0.0
885,2016,7,California,4146.832
886,2016,7,Colorado,0.0
887,2016,7,Connecticut,0.0
888,2016,7,Delaware,1136.896
889,2016,7,District of Columbia,0.0
890,2016,7,Florida,259.424
891,2016,7,Georgia,38.88
892,2016,7,Idaho,0.0
893,2016,7,Illinois,4506.0470000000005
894,2016,7,Indiana,1238.33
895,2016,7,Iowa,0.0
896,2016,7,Kansas,0.0
897,2016,7,Kentucky,921.83
898,2016,7,Louisiana,0.0
899,2016,7,Maine,0.0
900,2016,7,Maryland,1433.57
901,2016,7,Massachusetts,431.48
902,2016,7,Michigan,19.0
903,2016,7,Minnesota,155.88
904,2016,7,Mississippi,239.7
905,2016,7,Missouri,52.59
906,2016,7,Montana,0.0
907,2016,7,Nebraska,0.0
908,2016,7,Nevada,0.0
909,2016,7,New Hampshire,0.0
910,2016,7,New Jersey,11.12
911,2016,7,New Mexico,0.0
912,2016,7,New York,7198.792
913,2016,7,North Carolina,275.23400000000004
914,2016,7,North Dakota,0.0
915,2016,7,Ohio,0.0
916,2016,7,Oklahoma,0.0
917,2016,7,Oregon,0.0
918,2016,7,Pennsylvania,1503.74
919,2016,7,Rhode Island,0.0
920,2016,7,South Carolina,0.0
921,2016,7,South Dakota,0.0
922,2016,7,Tennessee,5.16
923,2016,7,Texas,533.76
924,2016,7,Utah,0.0
925,2016,7,Vermont,0.0
926,2016,7,Virginia,0.0
927,2016,7,Washington,1417.17
928,2016,7,West Virginia,0.0
929,2016,7,Wisconsin,1099.96
930,2016,7,Wyoming,0.0
931,2016,8,Alabama,0.0
932,2016,8,Arizona,2529.768
933,2016,8,Arkansas,0.0
934,2016,8,California,8454.083
935,2016,8,Colorado,0.0
936,2016,8,Connecticut,470.36
937,2016,8,Delaware,0.0
938,2016,8,District of Columbia,0.0
939,2016,8,Florida,4.608
940,2016,8,Georgia,1148.07
941,2016,8,Idaho,3.304
942,2016,8,Illinois,2859.808
943,2016,8,Indiana,11.36
944,2016,8,Iowa,0.0
945,2016,8,Kansas,0.0
946,2016,8,Kentucky,3801.21
947,2016,8,Louisiana,0.0
948,2016,8,Maine,0.0
949,2016,8,Maryland,77.58
950,2016,8,Massachusetts,653.64
951,2016,8,Michigan,957.8800000000001
952,2016,8,Minnesota,74.94
953,2016,8,Mississippi,0.0
954,2016,8,Missouri,241.34
955,2016,8,Montana,0.0
956,2016,8,Nebraska,0.0
957,2016,8,Nevada,0.0
958,2016,8,New Hampshire,0.0
959,2016,8,New Jersey,0.0
960,2016,8,New Mexico,0.0
961,2016,8,New York,4081.6200000000003
962,2016,8,North Carolina,110.83200000000001
963,2016,8,North Dakota,0.0
964,2016,8,Ohio,1106.668
965,2016,8,Oklahoma,0.0
966,2016,8,Oregon,996.4359999999999
967,2016,8,Pennsylvania,2545.704
968,2016,8,Rhode Island,448.21
969,2016,8,South Carolina,0.0
970,2016,8,South Dakota,0.0
971,2016,8,Tennessee,0.0
972,2016,8,Texas,4468.7232
973,2016,8,Utah,0.0
974,2016,8,Vermont,0.0
975,2016,8,Virginia,520.03
976,2016,8,Washington,564.768
977,2016,8,West Virginia,0.0
978,2016,8,Wisconsin,687.4
979,2016,8,Wyoming,0.0
980,2016,9,Alabama,1940.1499999999999
981,2016,9,Arizona,1371.587
982,2016,9,Arkansas,0.0
983,2016,9,California,7267.5109999999995
984,2016,9,Colorado,42.768
985,2016,9,Connecticut,301.25
986,2016,9,Delaware,0.0
987,2016,9,District of Columbia,0.0
988,2016,9,Florida,919.636
989,2016,9,Georgia,1185.71
990,2016,9,Idaho,0.0
991,2016,9,Illinois,348.81600000000003
992,2016,9,Indiana,1931.3400000000001
993,2016,9,Iowa,1449.24
994,2016,9,Kansas,0.0
995,2016,9,Kentucky,0.0
996,2016,9,Louisiana,517.5
997,2016,9,Maine,0.0
998,2016,9,Maryland,2503.82
999,2016,9,Massachusetts,3347.02
1000,2016,9,Michigan,270.13
1001,2016,9,Minnesota,43.0
1002,2016,9,Mississippi,0.0
1003,2016,9,Missouri,0.0
1004,2016,9,Montana,0.0
1005,2016,9,Nebraska,0.0
1006,2016,9,Nevada,45.584
1007,2016,9,New Hampshire,68.62
1008,2016,9,New Jersey,582.89
1009,2016,9,New Mexico,8.4
1010,2016,9,New York,16597.588
1011,2016,9,North Carolina,354.812
1012,2016,9,North Dakota,0.0
1013,2016,9,Ohio,97.684
1014,2016,9,Oklahoma,836.8800000000001
1015,2016,9,Oregon,422.426
1016,2016,9,Pennsylvania,5902.135
1017,2016,9,Rhode Island,0.0
1018,2016,9,South Carolina,3901.45
1019,2016,9,South Dakota,0.0
1020,2016,9,Tennessee,2457.429
1021,2016,9,Texas,2699.114
1022,2016,9,Utah,1957.38
1023,2016,9,Vermont,0.0
1024,2016,9,Virginia,2314.82
1025,2016,9,Washington,1446.916
1026,2016,9,West Virginia,0.0
1027,2016,9,Wisconsin,0.0
1028,2016,9,Wyoming,0.0
1029,2016,10,Alabama,0.0
1030,2016,10,Arizona,174.304
1031,2016,10,Arkansas,0.0
1032,2016,10,California,9443.003
1033,2016,10,Colorado,1336.138
1034,2016,10,Connecticut,26.9
1035,2016,10,Delaware,527.6400000000001
1036,2016,10,District of Columbia,0.0
1037,2016,10,Florida,2920.4475
1038,2016,10,Georgia,392.94
1039,2016,10,Idaho,0.0
1040,2016,10,Illinois,464.912
1041,2016,10,Indiana,412.24
1042,2016,10,Iowa,0.0
1043,2016,10,Kansas,0.0
1044,2016,10,Kentucky,476.17
1045,2016,10,Louisiana,0.0
1046,2016,10,Maine,0.0
1047,2016,10,Maryland,26.82
1048,2016,10,Massachusetts,334.43
1049,2016,10,Michigan,1971.7430000000002
1050,2016,10,Minnesota,0.0
1051,2016,10,Mississippi,0.0
1052,2016,10,Missouri,0.0
1053,2016,10,Montana,0.0
1054,2016,10,Nebraska,0.0
1055,2016,10,Nevada,79.36
1056,2016,10,New Hampshire,34.44
1057,2016,10,New Jersey,235.97
1058,2016,10,New Mexico,0.0
1059,2016,10,New York,4534.558
1060,2016,10,North Carolina,7.38
1061,2016,10,North Dakota,0.0
1062,2016,10,Ohio,480.584
1063,2016,10,Oklahoma,0.0
1064,2016,10,Oregon,2209.603
1065,2016,10,Pennsylvania,100.688
1066,2016,10,Rhode Island,0.0
1067,2016,10,South Carolina,0.0
1068,2016,10,South Dakota,0.0
1069,2016,10,Tennessee,0.0
1070,2016,10,Texas,4151.591
1071,2016,10,Utah,0.0
1072,2016,10,Vermont,0.0
1073,2016,10,Virginia,288.79
1074,2016,10,Washington,381.086
1075,2016,10,West Virginia,0.0
1076,2016,10,Wisconsin,0.0
1077,2016,10,Wyoming,0.0
1078,2016,11,Alabama,0.0
1079,2016,11,Arizona,376.977
1080,2016,11,Arkansas,308.2
1081,2016,11,California,8669.273
1082,2016,11,Colorado,538.41
1083,2016,11,Connecticut,0.0
1084,2016,11,Delaware,1549.3600000000001
1085,2016,11,District of Columbia,0.0
1086,2016,11,Florida,3644.6594999999998
1087,2016,11,Georgia,0.0
1088,2016,11,Idaho,1001.1959999999999
1089,2016,11,Illinois,1592.848
1090,2016,11,Indiana,1443.97
1091,2016,11,Iowa,263.96
1092,2016,11,Kansas,0.0
1093,2016,11,Kentucky,89.36
1094,2016,11,Louisiana,0.0
1095,2016,11,Maine,0.0
1096,2016,11,Maryland,0.0
1097,2016,11,Massachusetts,1466.188
1098,2016,11,Michigan,3211.478
1099,2016,11,Minnesota,2165.12
1100,2016,11,Mississippi,0.0
1101,2016,11,Missouri,1685.15
1102,2016,11,Montana,403.94
1103,2016,11,Nebraska,0.0
1104,2016,11,Nevada,345.968
1105,2016,11,New Hampshire,0.0
1106,2016,11,New Jersey,2643.06
1107,2016,11,New Mexico,1122.472
1108,2016,11,New York,19625.778000000002
1109,2016,11,North Carolina,1069.439
1110,2016,11,North Dakota,0.0
1111,2016,11,Ohio,893.524
1112,2016,11,Oklahoma,1971.46
1113,2016,11,Oregon,267.74399999999997
1114,2016,11,Pennsylvania,3426.7509999999997
1115,2016,11,Rhode Island,0.0
1116,2016,11,South Carolina,0.0
1117,2016,11,South Dakota,0.0
1118,2016,11,Tennessee,835.482
1119,2016,11,Texas,4336.08
1120,2016,11,Utah,256.35
1121,2016,11,Vermont,5120.099999999999
1122,2016,11,Virginia,1848.68
1123,2016,11,Washington,843.402
1124,2016,11,West Virginia,0.0
1125,2016,11,Wisconsin,2233.02
1126,2016,11,Wyoming,0.0
1127,2016,12,Alabama,0.0
1128,2016,12,Arizona,1889.768
1129,2016,12,Arkansas,105.42
1130,2016,12,California,15155.743
1131,2016,12,Colorado,1417.664
1132,2016,12,Connecticut,0.0
1133,2016,12,Delaware,0.0
1134,2016,12,District of Columbia,0.0
1135,2016,12,Florida,110.94200000000001
1136,2016,12,Georgia,567.18
1137,2016,12,Idaho,0.0
1138,2016,12,Illinois,2645.992
1139,2016,12,Indiana,1034.0
1140,2016,12,Iowa,0.0
1141,2016,12,Kansas,0.0
1142,2016,12,Kentucky,1033.3400000000001
1143,2016,12,Louisiana,0.0
1144,2016,12,Maine,0.0
1145,2016,12,Maryland,1169.52
1146,2016,12,Massachusetts,79.52000000000001
1147,2016,12,Michigan,3124.66
1148,2016,12,Minnesota,0.0
1149,2016,12,Mississippi,62.459999999999994
1150,2016,12,Missouri,4995.570000000001
1151,2016,12,Montana,487.984
1152,2016,12,Nebraska,128.36
1153,2016,12,Nevada,1477.55
1154,2016,12,New Hampshire,3517.634
1155,2016,12,New Jersey,0.0
1156,2016,12,New Mexico,0.0
1157,2016,12,New York,9948.038
1158,2016,12,North Carolina,582.994
1159,2016,12,North Dakota,0.0
1160,2016,12,Ohio,7753.754
1161,2016,12,Oklahoma,0.0
1162,2016,12,Oregon,319.968
1163,2016,12,Pennsylvania,2203.941
1164,2016,12,Rhode Island,0.0
1165,2016,12,South Carolina,0.0
1166,2016,12,South Dakota,0.0
1167,2016,12,Tennessee,2131.154
1168,2016,12,Texas,4356.3592
1169,2016,12,Utah,0.0
1170,2016,12,Vermont,0.0
1171,2016,12,Virginia,726.79
1172,2016,12,Washington,7064.636
1173,2016,12,West Virginia,0.0
1174,2016,12,Wisconsin,452.65999999999997
1175,2016,12,Wyoming,0.0
1176,2017,1,Alabama,0.0
1177,2017,1,Arizona,0.0
1178,2017,1,Arkansas,0.0
1179,2017,1,California,2876.464
1180,2017,1,Colorado,0.0
1181,2017,1,Connecticut,181.797
1182,2017,1,Delaware,0.0
1183,2017,1,District of Columbia,0.0
1184,2017,1,Florida,255.904
1185,2017,1,Georgia,1712.35
1186,2017,1,Idaho,0.0
1187,2017,1,Illinois,2224.308
1188,2017,1,Indiana,0.0
1189,2017,1,Iowa,0.0
1190,2017,1,Kansas,0.0
1191,2017,1,Kentucky,0.0
1192,2017,1,Louisiana,0.0
1193,2017,1,Maine,0.0
1194,2017,1,Maryland,405.91999999999996
1195,2017,1,Massachusetts,0.0
1196,2017,1,Michigan,0.0
1197,2017,1,Minnesota,0.0
1198,2017,1,Mississippi,31.36
1199,2017,1,Missouri,0.0
1200,2017,1,Montana,0.0
1201,2017,1,Nebraska,0.0
1202,2017,1,Nevada,0.0
1203,2017,1,New Hampshire,724.55
1204,2017,1,New Jersey,370.1
1205,2017,1,New Mexico,0.0
1206,2017,1,New York,1065.9940000000001
1207,2017,1,North Carolina,2082.812
1208,2017,1,North Dakota,0.0
1209,2017,1,Ohio,330.164
1210,2017,1,Oklahoma,1604.73
1211,2017,1,Oregon,0.0
1212,2017,1,Pennsylvania,109.252
1213,2017,1,Rhode Island,0.0
1214,2017,1,South Carolina,0.0
1215,2017,1,South Dakota,0.0
1216,2017,1,Tennessee,0.0
1217,2017,1,Texas,441.188
1218,2017,1,Utah,0.0
1219,2017,1,Vermont,1672.31
1220,2017,1,Virginia,0.0
1221,2017,1,Washington,781.3580000000001
1222,2017,1,West Virginia,0.0
1223,2017,1,Wisconsin,1671.93
1224,2017,1,Wyoming,0.0
1225,2017,2,Alabama,0.0
1226,2017,2,Arizona,14.368
1227,2017,2,Arkansas,0.0
1228,2017,2,California,3085.794
1229,2017,2,Colorado,0.0
1230,2017,2,Connecticut,0.0
1231,2017,2,Delaware,0.0
1232,2017,2,District of Columbia,0.0
1233,2017,2,Florida,471.07800000000003
1234,2017,2,Georgia,3441.5499999999997
1235,2017,2,Idaho,0.0
1236,2017,2,Illinois,167.182
1237,2017,2,Indiana,0.0
1238,2017,2,Iowa,0.0
1239,2017,2,Kansas,0.0
1240,2017,2,Kentucky,1190.28
1241,2017,2,Louisiana,0.0
1242,2017,2,Maine,0.0
1243,2017,2,Maryland,664.221
1244,2017,2,Massachusetts,0.0
1245,2017,2,Michigan,0.0
1246,2017,2,Minnesota,0.0
1247,2017,2,Mississippi,264.18
1248,2017,2,Missouri,0.0
1249,2017,2,Montana,0.0
1250,2017,2,Nebraska,0.0
1251,2017,2,Nevada,0.0
1252,2017,2,New Hampshire,0.0
1253,2017,2,New Jersey,227.96
1254,2017,2,New Mexico,0.0
1255,2017,2,New York,2011.888
1256,2017,2,North Carolina,1127.976
1257,2017,2,North Dakota,0.0
1258,2017,2,Ohio,188.176
1259,2017,2,Oklahoma,69.93
1260,2017,2,Oregon,0.0
1261,2017,2,Pennsylvania,57.576
1262,2017,2,Rhode Island,0.0
1263,2017,2,South Carolina,0.0
1264,2017,2,South Dakota,0.0
1265,2017,2,Tennessee,148.72
1266,2017,2,Texas,331.476
1267,2017,2,Utah,0.0
1268,2017,2,Vermont,0.0
1269,2017,2,Virginia,8969.320000000002
1270,2017,2,Washington,0.0
1271,2017,2,West Virginia,0.0
1272,2017,2,Wisconsin,547.14
1273,2017,2,Wyoming,0.0
1274,2017,3,Alabama,0.0
1275,2017,3,Arizona,475.50199999999995
1276,2017,3,Arkansas,0.0
1277,2017,3,California,15857.442
1278,2017,3,Colorado,232.27800000000002
1279,2017,3,Connecticut,211.09
1280,2017,3,Delaware,1256.77
1281,2017,3,District of Columbia,0.0
1282,2017,3,Florida,1476.4
1283,2017,3,Georgia,650.94
1284,2017,3,Idaho,34.68
1285,2017,3,Illinois,2568.444
1286,2017,3,Indiana,285.73
1287,2017,3,Iowa,0.0
1288,2017,3,Kansas,0.0
1289,2017,3,Kentucky,0.0
1290,2017,3,Louisiana,12.96
1291,2017,3,Maine,0.0
1292,2017,3,Maryland,2073.35
1293,2017,3,Massachusetts,475.53
1294,2017,3,Michigan,221.044
1295,2017,3,Minnesota,63.44
1296,2017,3,Mississippi,451.89
1297,2017,3,Missouri,697.16
1298,2017,3,Montana,0.0
1299,2017,3,Nebraska,0.0
1300,2017,3,Nevada,58.58
1301,2017,3,New Hampshire,159.98
1302,2017,3,New Jersey,244.006
1303,2017,3,New Mexico,0.0
1304,2017,3,New York,7909.336000000001
1305,2017,3,North Carolina,187.61599999999999
1306,2017,3,North Dakota,0.0
1307,2017,3,Ohio,800.357
1308,2017,3,Oklahoma,1287.45
1309,2017,3,Oregon,535.877
1310,2017,3,Pennsylvania,3634.4379999999996
1311,2017,3,Rhode Island,0.0
1312,2017,3,South Carolina,0.0
1313,2017,3,South Dakota,0.0
1314,2017,3,Tennessee,1092.768
1315,2017,3,Texas,7462.9890000000005
1316,2017,3,Utah,0.0
1317,2017,3,Vermont,0.0
1318,2017,3,Virginia,365.6
1319,2017,3,Washington,364.672
1320,2017,3,West Virginia,0.0
1321,2017,3,Wisconsin,16.74
1322,2017,3,Wyoming,0.0
1323,2017,4,Alabama,0.0
1324,2017,4,Arizona,2738.427
1325,2017,4,Arkansas,215.83999999999997
1326,2017,4,California,6297.218
1327,2017,4,Colorado,1373.8919999999998
1328,2017,4,Connecticut,67.32000000000001
1329,2017,4,Delaware,0.0
1330,2017,4,District of Columbia,0.0
1331,2017,4,Florida,0.0
1332,2017,4,Georgia,392.7
1333,2017,4,Idaho,0.0
1334,2017,4,Illinois,503.88
1335,2017,4,Indiana,331.08
1336,2017,4,Iowa,0.0
1337,2017,4,Kansas,0.0
1338,2017,4,Kentucky,0.0
1339,2017,4,Louisiana,0.0
1340,2017,4,Maine,0.0
1341,2017,4,Maryland,25.06
1342,2017,4,Massachusetts,0.0
1343,2017,4,Michigan,523.18
1344,2017,4,Minnesota,0.0
1345,2017,4,Mississippi,0.0
1346,2017,4,Missouri,86.62
1347,2017,4,Montana,0.0
1348,2017,4,Nebraska,29.05
1349,2017,4,Nevada,0.0
1350,2017,4,New Hampshire,0.0
1351,2017,4,New Jersey,9173.130000000001
1352,2017,4,New Mexico,0.0
1353,2017,4,New York,5107.188
1354,2017,4,North Carolina,1178.524
1355,2017,4,North Dakota,0.0
1356,2017,4,Ohio,1006.016
1357,2017,4,Oklahoma,0.0
1358,2017,4,Oregon,0.0
1359,2017,4,Pennsylvania,1096.232
1360,2017,4,Rhode Island,0.0
1361,2017,4,South Carolina,0.0
1362,2017,4,South Dakota,0.0
1363,2017,4,Tennessee,237.376
1364,2017,4,Texas,4520.652
1365,2017,4,Utah,0.0
1366,2017,4,Vermont,1294.75
1367,2017,4,Virginia,941.27
1368,2017,4,Washington,72.472
1369,2017,4,West Virginia,0.0
1370,2017,4,Wisconsin,1467.89
1371,2017,4,Wyoming,0.0
1372,2017,5,Alabama,1007.6800000000001
1373,2017,5,Arizona,185.528
1374,2017,5,Arkansas,140.52
1375,2017,5,California,5344.928
1376,2017,5,Colorado,914.943
1377,2017,5,Connecticut,805.5899999999999
1378,2017,5,Delaware,211.96
1379,2017,5,District of Columbia,83.15
1380,2017,5,Florida,1187.262
1381,2017,5,Georgia,1326.7
1382,2017,5,Idaho,0.0
1383,2017,5,Illinois,4006.6110000000003
1384,2017,5,Indiana,21.4
1385,2017,5,Iowa,0.0
1386,2017,5,Kansas,0.0
1387,2017,5,Kentucky,79.14
1388,2017,5,Louisiana,0.0
1389,2017,5,Maine,0.0
1390,2017,5,Maryland,0.0
1391,2017,5,Massachusetts,0.0
1392,2017,5,Michigan,3963.57
1393,2017,5,Minnesota,0.0
1394,2017,5,Mississippi,798.02
1395,2017,5,Missouri,54.48
1396,2017,5,Montana,0.0
1397,2017,5,Nebraska,0.0
1398,2017,5,Nevada,4088.0080000000003
1399,2017,5,New Hampshire,0.0
1400,2017,5,New Jersey,1562.086
1401,2017,5,New Mexico,0.0
1402,2017,5,New York,6653.224
1403,2017,5,North Carolina,1554.298
1404,2017,5,North Dakota,0.0
1405,2017,5,Ohio,3323.405
1406,2017,5,Oklahoma,0.0
1407,2017,5,Oregon,0.0
1408,2017,5,Pennsylvania,9507.088
1409,2017,5,Rhode Island,111.96
1410,2017,5,South Carolina,0.0
1411,2017,5,South Dakota,0.0
1412,2017,5,Tennessee,468.903
1413,2017,5,Texas,2388.354
1414,2017,5,Utah,0.0
1415,2017,5,Vermont,0.0
1416,2017,5,Virginia,5397.71
1417,2017,5,Washington,160.84
1418,2017,5,West Virginia,0.0
1419,2017,5,Wisconsin,1309.55
1420,2017,5,Wyoming,0.0
1421,2017,6,Alabama,224.9
1422,2017,6,Arizona,0.0
1423,2017,6,Arkansas,678.87
1424,2017,6,California,16049.335
1425,2017,6,Colorado,749.488
1426,2017,6,Connecticut,584.7700000000001
1427,2017,6,Delaware,950.23
1428,2017,6,District of Columbia,0.0
1429,2017,6,Florida,754.1
1430,2017,6,Georgia,1438.78
1431,2017,6,Idaho,0.0
1432,2017,6,Illinois,3420.982
1433,2017,6,Indiana,440.91
1434,2017,6,Iowa,0.0
1435,2017,6,Kansas,18.9
1436,2017,6,Kentucky,0.0
1437,2017,6,Louisiana,0.0
1438,2017,6,Maine,0.0
1439,2017,6,Maryland,0.0
1440,2017,6,Massachusetts,819.8199999999999
1441,2017,6,Michigan,925.94
1442,2017,6,Minnesota,692.94
1443,2017,6,Mississippi,0.0
1444,2017,6,Missouri,0.0
1445,2017,6,Montana,0.0
1446,2017,6,Nebraska,0.0
1447,2017,6,Nevada,0.0
1448,2017,6,New Hampshire,0.0
1449,2017,6,New Jersey,475.86
1450,2017,6,New Mexico,0.0
1451,2017,6,New York,6057.88
1452,2017,6,North Carolina,0.0
1453,2017,6,North Dakota,0.0
1454,2017,6,Ohio,0.0
1455,2017,6,Oklahoma,64.59
1456,2017,6,Oregon,0.0
1457,2017,6,Pennsylvania,2284.986
1458,2017,6,Rhode Island,14.9
1459,2017,6,South Carolina,191.88
1460,2017,6,South Dakota,0.0
1461,2017,6,Tennessee,91.475
1462,2017,6,Texas,988.886
1463,2017,6,Utah,0.0
1464,2017,6,Vermont,0.0
1465,2017,6,Virginia,75.88
1466,2017,6,Washington,1728.1840000000002
1467,2017,6,West Virginia,0.0
1468,2017,6,Wisconsin,0.0
1469,2017,6,Wyoming,0.0
1470,2017,7,Alabama,29.0
1471,2017,7,Arizona,532.28
1472,2017,7,Arkansas,0.0
1473,2017,7,California,8605.369
1474,2017,7,Colorado,3056.912
1475,2017,7,Connecticut,0.0
1476,2017,7,Delaware,0.0
1477,2017,7,District of Columbia,0.0
1478,2017,7,Florida,1212.1290000000001
1479,2017,7,Georgia,88.15
1480,2017,7,Idaho,0.0
1481,2017,7,Illinois,1397.268
1482,2017,7,Indiana,0.0
1483,2017,7,Iowa,0.0
1484,2017,7,Kansas,0.0
1485,2017,7,Kentucky,140.81
1486,2017,7,Louisiana,73.2
1487,2017,7,Maine,0.0
1488,2017,7,Maryland,122.34
1489,2017,7,Massachusetts,0.0
1490,2017,7,Michigan,2578.79
1491,2017,7,Minnesota,0.0
1492,2017,7,Mississippi,3613.97
1493,2017,7,Missouri,589.52
1494,2017,7,Montana,0.0
1495,2017,7,Nebraska,0.0
1496,2017,7,Nevada,86.2
1497,2017,7,New Hampshire,0.0
1498,2017,7,New Jersey,815.12
1499,2017,7,New Mexico,0.0
1500,2017,7,New York,2513.984
1501,2017,7,North Carolina,1102.34
1502,2017,7,North Dakota,0.0
1503,2017,7,Ohio,1879.776
1504,2017,7,Oklahoma,0.0
1505,2017,7,Oregon,335.8
1506,2017,7,Pennsylvania,3180.017
1507,2017,7,Rhode Island,12.96
1508,2017,7,South Carolina,284.68
1509,2017,7,South Dakota,0.0
1510,2017,7,Tennessee,0.0
1511,2017,7,Texas,3387.706
1512,2017,7,Utah,1603.2900000000002
1513,2017,7,Vermont,0.0
1514,2017,7,Virginia,18.14
1515,2017,7,Washington,1061.032
1516,2017,7,West Virginia,0.0
1517,2017,7,Wisconsin,0.0
1518,2017,7,Wyoming,0.0
1519,2017,8,Alabama,197.05
1520,2017,8,Arizona,0.0
1521,2017,8,Arkansas,0.0
1522,2017,8,California,9573.0
1523,2017,8,Colorado,363.594
1524,2017,8,Connecticut,0.0
1525,2017,8,Delaware,0.0
1526,2017,8,District of Columbia,0.0
1527,2017,8,Florida,1308.0605
1528,2017,8,Georgia,186.54
1529,2017,8,Idaho,0.0
1530,2017,8,Illinois,166.368
1531,2017,8,Indiana,0.0
1532,2017,8,Iowa,6.48
1533,2017,8,Kansas,0.0
1534,2017,8,Kentucky,0.0
1535,2017,8,Louisiana,89.32000000000001
1536,2017,8,Maine,0.0
1537,2017,8,Maryland,0.0
1538,2017,8,Massachusetts,549.775
1539,2017,8,Michigan,1172.76
1540,2017,8,Minnesota,0.0
1541,2017,8,Mississippi,23.34
1542,2017,8,Missouri,0.0
1543,2017,8,Montana,0.0
1544,2017,8,Nebraska,0.0
1545,2017,8,Nevada,0.0
1546,2017,8,New Hampshire,27.93
1547,2017,8,New Jersey,0.0
1548,2017,8,New Mexico,0.0
1549,2017,8,New York,4442.332
1550,2017,8,North Carolina,929.1999999999999
1551,2017,8,North Dakota,0.0
1552,2017,8,Ohio,1056.634
1553,2017,8,Oklahoma,411.20000000000005
1554,2017,8,Oregon,26.352
1555,2017,8,Pennsylvania,2615.112
1556,2017,8,Rhode Island,0.0
1557,2017,8,South Carolina,0.0
1558,2017,8,South Dakota,0.0
1559,2017,8,Tennessee,31.77
1560,2017,8,Texas,4847.556799999999
1561,2017,8,Utah,0.0
1562,2017,8,Vermont,0.0
1563,2017,8,Virginia,284.73
1564,2017,8,Washington,1854.906
1565,2017,8,West Virginia,0.0
1566,2017,8,Wisconsin,378.19
1567,2017,8,Wyoming,0.0
1568,2017,9,Alabama,1562.97
1569,2017,9,Arizona,436.877
1570,2017,9,Arkansas,239.5
1571,2017,9,California,12234.4215
1572,2017,9,Colorado,1334.416
1573,2017,9,Connecticut,48.16
1574,2017,9,Delaware,0.0
1575,2017,9,District of Columbia,0.0
1576,2017,9,Florida,1362.1599999999999
1577,2017,9,Georgia,1291.82
1578,2017,9,Idaho,1148.806
1579,2017,9,Illinois,4439.484
1580,2017,9,Indiana,238.11
1581,2017,9,Iowa,288.39
1582,2017,9,Kansas,332.69
1583,2017,9,Kentucky,305.02
1584,2017,9,Louisiana,87.28
1585,2017,9,Maine,547.33
1586,2017,9,Maryland,430.94
1587,2017,9,Massachusetts,395.34000000000003
1588,2017,9,Michigan,1264.18
1589,2017,9,Minnesota,613.29
1590,2017,9,Mississippi,0.0
1591,2017,9,Missouri,296.51
1592,2017,9,Montana,0.0
1593,2017,9,Nebraska,2374.73
1594,2017,9,Nevada,0.0
1595,2017,9,New Hampshire,0.0
1596,2017,9,New Jersey,53.370000000000005
1597,2017,9,New Mexico,0.0
1598,2017,9,New York,10702.824
1599,2017,9,North Carolina,2168.749
1600,2017,9,North Dakota,0.0
1601,2017,9,Ohio,1986.822
1602,2017,9,Oklahoma,12.86
1603,2017,9,Oregon,924.2700000000001
1604,2017,9,Pennsylvania,3419.098
1605,2017,9,Rhode Island,2614.6400000000003
1606,2017,9,South Carolina,25.92
1607,2017,9,South Dakota,0.0
1608,2017,9,Tennessee,531.962
1609,2017,9,Texas,6552.7334
1610,2017,9,Utah,0.0
1611,2017,9,Vermont,0.0
1612,2017,9,Virginia,4448.07
1613,2017,9,Washington,3622.528
1614,2017,9,West Virginia,0.0
1615,2017,9,Wisconsin,857.12
1616,2017,9,Wyoming,0.0
1617,2017,10,Alabama,0.0
1618,2017,10,Arizona,533.688
1619,2017,10,Arkansas,0.0
1620,2017,10,California,7163.222
1621,2017,10,Colorado,1781.6180000000002
1622,2017,10,Connecticut,1179.27
1623,2017,10,Delaware,7.92
1624,2017,10,District of Columbia,0.0
1625,2017,10,Florida,1269.219
1626,2017,10,Georgia,0.0
1627,2017,10,Idaho,0.0
1628,2017,10,Illinois,104.036
1629,2017,10,Indiana,18448.49
1630,2017,10,Iowa,0.0
1631,2017,10,Kansas,0.0
1632,2017,10,Kentucky,0.0
1633,2017,10,Louisiana,0.0
1634,2017,10,Maine,0.0
1635,2017,10,Maryland,337.53200000000004
1636,2017,10,Massachusetts,0.0
1637,2017,10,Michigan,448.62
1638,2017,10,Minnesota,0.0
1639,2017,10,Mississippi,0.0
1640,2017,10,Missouri,2377.56
1641,2017,10,Montana,0.0
1642,2017,10,Nebraska,0.0
1643,2017,10,Nevada,4685.076
1644,2017,10,New Hampshire,0.0
1645,2017,10,New Jersey,1753.0400000000002
1646,2017,10,New Mexico,0.0
1647,2017,10,New York,4461.106
1648,2017,10,North Carolina,735.287
1649,2017,10,North Dakota,0.0
1650,2017,10,Ohio,927.456
1651,2017,10,Oklahoma,1823.38
1652,2017,10,Oregon,0.0
1653,2017,10,Pennsylvania,849.731
1654,2017,10,Rhode Island,5549.41
1655,2017,10,South Carolina,0.0
1656,2017,10,South Dakota,0.0
1657,2017,10,Tennessee,351.648
1658,2017,10,Texas,950.124
1659,2017,10,Utah,219.12
1660,2017,10,Vermont,0.0
1661,2017,10,Virginia,734.76
1662,2017,10,Washington,1241.97
1663,2017,10,West Virginia,0.0
1664,2017,10,Wisconsin,1649.75
1665,2017,10,Wyoming,0.0
1666,2017,11,Alabama,4629.73
1667,2017,11,Arizona,354.422
1668,2017,11,Arkansas,59.98
1669,2017,11,California,17896.488
1670,2017,11,Colorado,0.0
1671,2017,11,Connecticut,80.49
1672,2017,11,Delaware,164.77
1673,2017,11,District of Columbia,0.0
1674,2017,11,Florida,2531.289
1675,2017,11,Georgia,3229.0699999999997
1676,2017,11,Idaho,0.0
1677,2017,11,Illinois,796.208
1678,2017,11,Indiana,3641.91
1679,2017,11,Iowa,548.6
1680,2017,11,Kansas,186.95
1681,2017,11,Kentucky,1908.4100000000003
1682,2017,11,Louisiana,0.0
1683,2017,11,Maine,0.0
1684,2017,11,Maryland,297.73
1685,2017,11,Massachusetts,0.0
1686,2017,11,Michigan,3456.532
1687,2017,11,Minnesota,0.0
1688,2017,11,Mississippi,0.0
1689,2017,11,Missouri,119.25999999999999
1690,2017,11,Montana,0.0
1691,2017,11,Nebraska,0.0
1692,2017,11,Nevada,0.0
1693,2017,11,New Hampshire,0.0
1694,2017,11,New Jersey,929.8399999999999
1695,2017,11,New Mexico,39.176
1696,2017,11,New York,6690.280000000001
1697,2017,11,North Carolina,1843.7559999999999
1698,2017,11,North Dakota,0.0
1699,2017,11,Ohio,10642.839
1700,2017,11,Oklahoma,2671.77
1701,2017,11,Oregon,1869.1009999999999
1702,2017,11,Pennsylvania,3830.67
1703,2017,11,Rhode Island,0.0
1704,2017,11,South Carolina,0.0
1705,2017,11,South Dakota,0.0
1706,2017,11,Tennessee,0.0
1707,2017,11,Texas,5489.0868
1708,2017,11,Utah,0.0
1709,2017,11,Vermont,0.0
1710,2017,11,Virginia,1394.32
1711,2017,11,Washington,2160.6820000000002
1712,2017,11,West Virginia,0.0
1713,2017,11,Wisconsin,0.0
1714,2017,11,Wyoming,1603.136
1715,2017,12,Alabama,0.0
1716,2017,12,Arizona,970.927
1717,2017,12,Arkansas,889.48
1718,2017,12,California,21559.282
1719,2017,12,Colorado,859.5999999999999
1720,2017,12,Connecticut,840.0
1721,2017,12,Delaware,0.0
1722,2017,12,District of Columbia,33.92
1723,2017,12,Florida,1701.362
1724,2017,12,Georgia,299.07
1725,2017,12,Idaho,0.0
1726,2017,12,Illinois,1238.948
1727,2017,12,Indiana,2054.15
1728,2017,12,Iowa,115.84
1729,2017,12,Kansas,152.51999999999998
1730,2017,12,Kentucky,1479.23
1731,2017,12,Louisiana,0.0
1732,2017,12,Maine,0.0
1733,2017,12,Maryland,352.47
1734,2017,12,Massachusetts,1724.799
1735,2017,12,Michigan,12731.879
1736,2017,12,Minnesota,157.71
1737,2017,12,Mississippi,234.01999999999998
1738,2017,12,Missouri,0.0
1739,2017,12,Montana,0.0
1740,2017,12,Nebraska,677.6400000000001
1741,2017,12,Nevada,163.408
1742,2017,12,New Hampshire,21.12
1743,2017,12,New Jersey,2033.41
1744,2017,12,New Mexico,24.904
1745,2017,12,New York,13210.521999999999
1746,2017,12,North Carolina,2056.738
1747,2017,12,North Dakota,0.0
1748,2017,12,Ohio,1993.437
1749,2017,12,Oklahoma,63.88
1750,2017,12,Oregon,1759.4370000000001
1751,2017,12,Pennsylvania,2412.172
1752,2017,12,Rhode Island,4781.7300000000005
1753,2017,12,South Carolina,0.0
1754,2017,12,South Dakota,0.0
1755,2017,12,Tennessee,175.872
1756,2017,12,Texas,3644.6240000000003
1757,2017,12,Utah,0.0
1758,2017,12,Vermont,0.0
1759,2017,12,Virginia,4061.25
1760,2017,12,Washington,6765.639999999999
1761,2017,12,West Virginia,0.0
1762,2017,12,Wisconsin,4498.13
1763,2017,12,Wyoming,0.0
1764,2018,1,Alabama,56.370000000000005
1765,2018,1,Arizona,100.922
1766,2018,1,Arkansas,0.0
1767,2018,1,California,5163.432
1768,2018,1,Colorado,337.688
1769,2018,1,Connecticut,3.52
1770,2018,1,Delaware,0.0
1771,2018,1,District of Columbia,77.75999999999999
1772,2018,1,Florida,421.944
1773,2018,1,Georgia,3008.3199999999997
1774,2018,1,Idaho,0.0
1775,2018,1,Illinois,2428.783
1776,2018,1,Indiana,0.0
1777,2018,1,Iowa,340.22
1778,2018,1,Kansas,279.9
1779,2018,1,Kentucky,0.0
1780,2018,1,Louisiana,0.0
1781,2018,1,Maine,0.0
1782,2018,1,Maryland,0.0
1783,2018,1,Massachusetts,12.7
1784,2018,1,Michigan,10313.495
1785,2018,1,Minnesota,0.0
1786,2018,1,Mississippi,0.0
1787,2018,1,Missouri,4619.33
1788,2018,1,Montana,4189.38
1789,2018,1,Nebraska,0.0
1790,2018,1,Nevada,0.0
1791,2018,1,New Hampshire,0.0
1792,2018,1,New Jersey,0.0
1793,2018,1,New Mexico,0.0
1794,2018,1,New York,800.916
1795,2018,1,North Carolina,1153.87
1796,2018,1,North Dakota,0.0
1797,2018,1,Ohio,242.87
1798,2018,1,Oklahoma,0.0
1799,2018,1,Oregon,0.0
1800,2018,1,Pennsylvania,3608.338
1801,2018,1,Rhode Island,0.0
1802,2018,1,South Carolina,0.0
1803,2018,1,South Dakota,0.0
1804,2018,1,Tennessee,175.08599999999998
1805,2018,1,Texas,3210.428
1806,2018,1,Utah,0.0
1807,2018,1,Vermont,637.1800000000001
1808,2018,1,Virginia,0.0
1809,2018,1,Washington,2290.422
1810,2018,1,West Virginia,0.0
1811,2018,1,Wisconsin,3.6
1812,2018,1,Wyoming,0.0
1813,2018,2,Alabama,0.0
1814,2018,2,Arizona,882.99
1815,2018,2,Arkansas,0.0
1816,2018,2,California,6484.747
1817,2018,2,Colorado,9.432
1818,2018,2,Connecticut,612.12
1819,2018,2,Delaware,0.0
1820,2018,2,District of Columbia,0.0
1821,2018,2,Florida,119.17800000000001
1822,2018,2,Georgia,1245.86
1823,2018,2,Idaho,0.0
1824,2018,2,Illinois,1824.9099999999999
1825,2018,2,Indiana,0.0
1826,2018,2,Iowa,0.0
1827,2018,2,Kansas,0.0
1828,2018,2,Kentucky,0.0
1829,2018,2,Louisiana,29.16
1830,2018,2,Maine,0.0
1831,2018,2,Maryland,58.85
1832,2018,2,Massachusetts,0.0
1833,2018,2,Michigan,0.0
1834,2018,2,Minnesota,90.64
1835,2018,2,Mississippi,0.0
1836,2018,2,Missouri,0.0
1837,2018,2,Montana,0.0
1838,2018,2,Nebraska,0.0
1839,2018,2,Nevada,0.0
1840,2018,2,New Hampshire,0.0
1841,2018,2,New Jersey,178.20999999999998
1842,2018,2,New Mexico,0.0
1843,2018,2,New York,623.734
1844,2018,2,North Carolina,428.70399999999995
1845,2018,2,North Dakota,0.0
1846,2018,2,Ohio,2046.932
1847,2018,2,Oklahoma,19.669999999999998
1848,2018,2,Oregon,0.0
1849,2018,2,Pennsylvania,1448.676
1850,2018,2,Rhode Island,0.0
1851,2018,2,South Carolina,0.0
1852,2018,2,South Dakota,0.0
1853,2018,2,Tennessee,0.0
1854,2018,2,Texas,1399.6024
1855,2018,2,Utah,0.0
1856,2018,2,Vermont,0.0
1857,2018,2,Virginia,359.97
1858,2018,2,Washington,2057.612
1859,2018,2,West Virginia,0.0
1860,2018,2,Wisconsin,0.0
1861,2018,2,Wyoming,0.0
1862,2018,3,Alabama,0.0
1863,2018,3,Arizona,0.0
1864,2018,3,Arkansas,40.41
1865,2018,3,California,11331.194
1866,2018,3,Colorado,1332.496
1867,2018,3,Connecticut,823.12
1868,2018,3,Delaware,627.48
1869,2018,3,District of Columbia,0.0
1870,2018,3,Florida,133.126
1871,2018,3,Georgia,3826.91
1872,2018,3,Idaho,0.0
1873,2018,3,Illinois,1429.942
1874,2018,3,Indiana,367.49
1875,2018,3,Iowa,0.0
1876,2018,3,Kansas,0.0
1877,2018,3,Kentucky,805.73
1878,2018,3,Louisiana,0.0
1879,2018,3,Maine,0.0
1880,2018,3,Maryland,223.38
1881,2018,3,Massachusetts,160.53
1882,2018,3,Michigan,1237.72
1883,2018,3,Minnesota,375.71
1884,2018,3,Mississippi,839.25
1885,2018,3,Missouri,0.0
1886,2018,3,Montana,0.0
1887,2018,3,Nebraska,0.0
1888,2018,3,Nevada,0.0
1889,2018,3,New Hampshire,0.0
1890,2018,3,New Jersey,0.0
1891,2018,3,New Mexico,780.086
1892,2018,3,New York,3915.022
1893,2018,3,North Carolina,61.876
1894,2018,3,North Dakota,0.0
1895,2018,3,Ohio,779.009
1896,2018,3,Oklahoma,2131.7400000000002
1897,2018,3,Oregon,0.0
1898,2018,3,Pennsylvania,1162.4750000000001
1899,2018,3,Rhode Island,0.0
1900,2018,3,South Carolina,0.0
1901,2018,3,South Dakota,0.0
1902,2018,3,Tennessee,4.608
1903,2018,3,Texas,7950.3968
1904,2018,3,Utah,0.0
1905,2018,3,Vermont,0.0
1906,2018,3,Virginia,931.81
1907,2018,3,Washington,15580.321999999998
1908,2018,3,West Virginia,0.0
1909,2018,3,Wisconsin,2011.58
1910,2018,3,Wyoming,0.0
1911,2018,4,Alabama,518.16
1912,2018,4,Arizona,560.896
1913,2018,4,Arkansas,0.0
1914,2018,4,California,8784.206
1915,2018,4,Colorado,2643.6610000000005
1916,2018,4,Connecticut,403.02
1917,2018,4,Delaware,0.0
1918,2018,4,District of Columbia,0.0
1919,2018,4,Florida,3706.4315
1920,2018,4,Georgia,4194.11
1921,2018,4,Idaho,0.0
1922,2018,4,Illinois,1120.916
1923,2018,4,Indiana,155.34
1924,2018,4,Iowa,106.32
1925,2018,4,Kansas,0.0
1926,2018,4,Kentucky,0.0
1927,2018,4,Louisiana,0.0
1928,2018,4,Maine,0.0
1929,2018,4,Maryland,908.82
1930,2018,4,Massachusetts,0.0
1931,2018,4,Michigan,1242.52
1932,2018,4,Minnesota,0.0
1933,2018,4,Mississippi,0.0
1934,2018,4,Missouri,131.36
1935,2018,4,Montana,0.0
1936,2018,4,Nebraska,0.0
1937,2018,4,Nevada,196.45
1938,2018,4,New Hampshire,0.0
1939,2018,4,New Jersey,2727.64
1940,2018,4,New Mexico,0.0
1941,2018,4,New York,1843.998
1942,2018,4,North Carolina,264.64799999999997
1943,2018,4,North Dakota,0.0
1944,2018,4,Ohio,1251.7399999999998
1945,2018,4,Oklahoma,0.0
1946,2018,4,Oregon,0.0
1947,2018,4,Pennsylvania,1976.422
1948,2018,4,Rhode Island,139.64000000000001
1949,2018,4,South Carolina,127.95
1950,2018,4,South Dakota,0.0
1951,2018,4,Tennessee,631.5640000000001
1952,2018,4,Texas,626.6676
1953,2018,4,Utah,0.0
1954,2018,4,Vermont,0.0
1955,2018,4,Virginia,4.89
1956,2018,4,Washington,1274.54
1957,2018,4,West Virginia,0.0
1958,2018,4,Wisconsin,0.0
1959,2018,4,Wyoming,0.0
1960,2018,5,Alabama,26.16
1961,2018,5,Arizona,827.7710000000001
1962,2018,5,Arkansas,48.9
1963,2018,5,California,9914.196
1964,2018,5,Colorado,120.783
1965,2018,5,Connecticut,0.0
1966,2018,5,Delaware,299.52
1967,2018,5,District of Columbia,0.0
1968,2018,5,Florida,4059.4700000000003
1969,2018,5,Georgia,3146.35
1970,2018,5,Idaho,814.526
1971,2018,5,Illinois,861.8470000000001
1972,2018,5,Indiana,2751.9700000000003
1973,2018,5,Iowa,0.0
1974,2018,5,Kansas,0.0
1975,2018,5,Kentucky,832.5100000000001
1976,2018,5,Louisiana,253.86
1977,2018,5,Maine,0.0
1978,2018,5,Maryland,634.18
1979,2018,5,Massachusetts,87.6
1980,2018,5,Michigan,2090.8140000000003
1981,2018,5,Minnesota,0.0
1982,2018,5,Mississippi,48.69
1983,2018,5,Missouri,865.0
1984,2018,5,Montana,0.0
1985,2018,5,Nebraska,23.55
1986,2018,5,Nevada,1196.316
1987,2018,5,New Hampshire,247.44
1988,2018,5,New Jersey,283.34000000000003
1989,2018,5,New Mexico,0.0
1990,2018,5,New York,2923.3179999999998
1991,2018,5,North Carolina,1129.3129999999999
1992,2018,5,North Dakota,891.53
1993,2018,5,Ohio,505.331
1994,2018,5,Oklahoma,477.3
1995,2018,5,Oregon,550.448
1996,2018,5,Pennsylvania,1138.6399999999999
1997,2018,5,Rhode Island,0.0
1998,2018,5,South Carolina,301.96
1999,2018,5,South Dakota,0.0
2000,2018,5,Tennessee,388.928
2001,2018,5,Texas,3434.8752
2002,2018,5,Utah,0.0
2003,2018,5,Vermont,0.0
2004,2018,5,Virginia,707.6
2005,2018,5,Washington,1941.946
2006,2018,5,West Virginia,0.0
2007,2018,5,Wisconsin,0.0
2008,2018,5,Wyoming,0.0
2009,2018,6,Alabama,16.240000000000002
2010,2018,6,Arizona,935.308
2011,2018,6,Arkansas,117.62
2012,2018,6,California,9012.0855
2013,2018,6,Colorado,578.28
2014,2018,6,Connecticut,705.0300000000001
2015,2018,6,Delaware,0.0
2016,2018,6,District of Columbia,0.0
2017,2018,6,Florida,2826.538
2018,2018,6,Georgia,544.14
2019,2018,6,Idaho,0.0
2020,2018,6,Illinois,2852.339
2021,2018,6,Indiana,526.45
2022,2018,6,Iowa,0.0
2023,2018,6,Kansas,0.0
2024,2018,6,Kentucky,740.5899999999999
2025,2018,6,Louisiana,0.0
2026,2018,6,Maine,0.0
2027,2018,6,Maryland,0.0
2028,2018,6,Massachusetts,0.0
2029,2018,6,Michigan,1184.86
2030,2018,6,Minnesota,530.01
2031,2018,6,Mississippi,0.0
2032,2018,6,Missouri,0.0
2033,2018,6,Montana,0.0
2034,2018,6,Nebraska,73.97
2035,2018,6,Nevada,75.792
2036,2018,6,New Hampshire,0.0
2037,2018,6,New Jersey,249.79
2038,2018,6,New Mexico,228.28
2039,2018,6,New York,10262.72
2040,2018,6,North Carolina,923.9799999999999
2041,2018,6,North Dakota,0.0
2042,2018,6,Ohio,1844.1
2043,2018,6,Oklahoma,0.0
2044,2018,6,Oregon,87.688
2045,2018,6,Pennsylvania,1319.307
2046,2018,6,Rhode Island,0.0
2047,2018,6,South Carolina,0.0
2048,2018,6,South Dakota,0.0
2049,2018,6,Tennessee,2997.472
2050,2018,6,Texas,3326.8122
2051,2018,6,Utah,0.0
2052,2018,6,Vermont,0.0
2053,2018,6,Virginia,767.3399999999999
2054,2018,6,Washington,4927.506
2055,2018,6,West Virginia,536.48
2056,2018,6,Wisconsin,0.0
2057,2018,6,Wyoming,0.0
2058,2018,7,Alabama,0.0
2059,2018,7,Arizona,1298.896
2060,2018,7,Arkansas,0.0
2061,2018,7,California,12923.859
2062,2018,7,Colorado,0.0
2063,2018,7,Connecticut,847.46
2064,2018,7,Delaware,1679.153
2065,2018,7,District of Columbia,0.0
2066,2018,7,Florida,379.6
2067,2018,7,Georgia,372.71000000000004
2068,2018,7,Idaho,0.0
2069,2018,7,Illinois,1521.144
2070,2018,7,Indiana,1337.71
2071,2018,7,Iowa,30.32
2072,2018,7,Kansas,373.94
2073,2018,7,Kentucky,0.0
2074,2018,7,Louisiana,0.0
2075,2018,7,Maine,0.0
2076,2018,7,Maryland,89.95
2077,2018,7,Massachusetts,328.53999999999996
2078,2018,7,Michigan,0.0
2079,2018,7,Minnesota,735.98
2080,2018,7,Mississippi,0.0
2081,2018,7,Missouri,0.0
2082,2018,7,Montana,0.0
2083,2018,7,Nebraska,79.96
2084,2018,7,Nevada,0.0
2085,2018,7,New Hampshire,102.3
2086,2018,7,New Jersey,6.48
2087,2018,7,New Mexico,545.85
2088,2018,7,New York,2384.2999999999997
2089,2018,7,North Carolina,94.768
2090,2018,7,North Dakota,0.0
2091,2018,7,Ohio,3437.14
2092,2018,7,Oklahoma,935.74
2093,2018,7,Oregon,1.08
2094,2018,7,Pennsylvania,3194.5
2095,2018,7,Rhode Island,252.0
2096,2018,7,South Carolina,0.0
2097,2018,7,South Dakota,1127.91
2098,2018,7,Tennessee,0.0
2099,2018,7,Texas,2154.79
2100,2018,7,Utah,97.91799999999999
2101,2018,7,Vermont,0.0
2102,2018,7,Virginia,2017.82
2103,2018,7,Washington,5899.936
2104,2018,7,West Virginia,0.0
2105,2018,7,Wisconsin,573.35
2106,2018,7,Wyoming,0.0
2107,2018,8,Alabama,0.0
2108,2018,8,Arizona,223.576
2109,2018,8,Arkansas,0.0
2110,2018,8,California,14534.322
2111,2018,8,Colorado,16.752000000000002
2112,2018,8,Connecticut,0.0
2113,2018,8,Delaware,0.0
2114,2018,8,District of Columbia,0.0
2115,2018,8,Florida,4628.311999999999
2116,2018,8,Georgia,71.98
2117,2018,8,Idaho,0.0
2118,2018,8,Illinois,516.532
2119,2018,8,Indiana,2800.6600000000003
2120,2018,8,Iowa,0.0
2121,2018,8,Kansas,0.0
2122,2018,8,Kentucky,214.85000000000002
2123,2018,8,Louisiana,1298.55
2124,2018,8,Maine,0.0
2125,2018,8,Maryland,2411.8
2126,2018,8,Massachusetts,1959.324
2127,2018,8,Michigan,53.72
2128,2018,8,Minnesota,201.88
2129,2018,8,Mississippi,866.4
2130,2018,8,Missouri,0.0
2131,2018,8,Montana,0.0
2132,2018,8,Nebraska,0.0
2133,2018,8,Nevada,0.0
2134,2018,8,New Hampshire,1077.47
2135,2018,8,New Jersey,97.84
2136,2018,8,New Mexico,0.0
2137,2018,8,New York,6669.652
2138,2018,8,North Carolina,809.616
2139,2018,8,North Dakota,0.0
2140,2018,8,Ohio,703.0300000000001
2141,2018,8,Oklahoma,0.0
2142,2018,8,Oregon,6.208
2143,2018,8,Pennsylvania,7822.83
2144,2018,8,Rhode Island,0.0
2145,2018,8,South Carolina,0.0
2146,2018,8,South Dakota,0.0
2147,2018,8,Tennessee,2481.826
2148,2018,8,Texas,2566.792
2149,2018,8,Utah,102.72
2150,2018,8,Vermont,0.0
2151,2018,8,Virginia,0.0
2152,2018,8,Washington,10587.796
2153,2018,8,West Virginia,0.0
2154,2018,8,Wisconsin,113.41
2155,2018,8,Wyoming,0.0
2156,2018,9,Alabama,0.0
2157,2018,9,Arizona,606.533
2158,2018,9,Arkansas,939.82
2159,2018,9,California,18067.032
2160,2018,9,Colorado,819.212
2161,2018,9,Connecticut,336.24
2162,2018,9,Delaware,391.98
2163,2018,9,District of Columbia,0.0
2164,2018,9,Florida,1976.152
2165,2018,9,Georgia,2389.45
2166,2018,9,Idaho,89.97
2167,2018,9,Illinois,4069.581
2168,2018,9,Indiana,0.0
2169,2018,9,Iowa,0.0
2170,2018,9,Kansas,0.0
2171,2018,9,Kentucky,1787.8200000000002
2172,2018,9,Louisiana,0.0
2173,2018,9,Maine,0.0
2174,2018,9,Maryland,390.49
2175,2018,9,Massachusetts,1926.4
2176,2018,9,Michigan,4285.43
2177,2018,9,Minnesota,1630.21
2178,2018,9,Mississippi,0.0
2179,2018,9,Missouri,2635.6800000000003
2180,2018,9,Montana,39.9
2181,2018,9,Nebraska,15.96
2182,2018,9,Nevada,0.0
2183,2018,9,New Hampshire,82.22
2184,2018,9,New Jersey,1623.26
2185,2018,9,New Mexico,138.6
2186,2018,9,New York,14737.803
2187,2018,9,North Carolina,1033.056
2188,2018,9,North Dakota,0.0
2189,2018,9,Ohio,2865.638
2190,2018,9,Oklahoma,291.96
2191,2018,9,Oregon,1147.814
2192,2018,9,Pennsylvania,9018.123
2193,2018,9,Rhode Island,148.0
2194,2018,9,South Carolina,685.26
2195,2018,9,South Dakota,0.0
2196,2018,9,Tennessee,1125.512
2197,2018,9,Texas,3939.966
2198,2018,9,Utah,2228.88
2199,2018,9,Vermont,0.0
2200,2018,9,Virginia,245.45000000000002
2201,2018,9,Washington,3969.276
2202,2018,9,West Virginia,0.0
2203,2018,9,Wisconsin,474.21
2204,2018,9,Wyoming,0.0
2205,2018,10,Alabama,10.16
2206,2018,10,Arizona,961.104
2207,2018,10,Arkansas,199.17
2208,2018,10,California,15776.301000000001
2209,2018,10,Colorado,646.1279999999999
2210,2018,10,Connecticut,13.05
2211,2018,10,Delaware,0.0
2212,2018,10,District of Columbia,0.0
2213,2018,10,Florida,1773.647
2214,2018,10,Georgia,0.0
2215,2018,10,Idaho,307.74
2216,2018,10,Illinois,2092.668
2217,2018,10,Indiana,909.12
2218,2018,10,Iowa,0.0
2219,2018,10,Kansas,0.0
2220,2018,10,Kentucky,678.29
2221,2018,10,Louisiana,1541.51
2222,2018,10,Maine,0.0
2223,2018,10,Maryland,57.64
2224,2018,10,Massachusetts,111.19
2225,2018,10,Michigan,361.17
2226,2018,10,Minnesota,1820.13
2227,2018,10,Mississippi,11.68
2228,2018,10,Missouri,0.0
2229,2018,10,Montana,0.0
2230,2018,10,Nebraska,104.85
2231,2018,10,Nevada,0.0
2232,2018,10,New Hampshire,0.0
2233,2018,10,New Jersey,2408.46
2234,2018,10,New Mexico,674.872
2235,2018,10,New York,24715.084000000003
2236,2018,10,North Carolina,2982.606
2237,2018,10,North Dakota,0.0
2238,2018,10,Ohio,1167.508
2239,2018,10,Oklahoma,2320.54
2240,2018,10,Oregon,1063.9070000000002
2241,2018,10,Pennsylvania,1873.304
2242,2018,10,Rhode Island,1275.66
2243,2018,10,South Carolina,0.0
2244,2018,10,South Dakota,0.0
2245,2018,10,Tennessee,4331.458
2246,2018,10,Texas,4143.6502
2247,2018,10,Utah,11.68
2248,2018,10,Vermont,0.0
2249,2018,10,Virginia,608.4300000000001
2250,2018,10,Washington,1761.3600000000001
2251,2018,10,West Virginia,673.344
2252,2018,10,Wisconsin,60.72
2253,2018,10,Wyoming,0.0
2254,2018,11,Alabama,239.92
2255,2018,11,Arizona,3192.462
2256,2018,11,Arkansas,4.3
2257,2018,11,California,13357.371000000001
2258,2018,11,Colorado,88.768
2259,2018,11,Connecticut,0.0
2260,2018,11,Delaware,10756.85
2261,2018,11,District of Columbia,0.0
2262,2018,11,Florida,5236.965999999999
2263,2018,11,Georgia,74.1
2264,2018,11,Idaho,0.0
2265,2018,11,Illinois,1227.3709999999999
2266,2018,11,Indiana,3980.31
2267,2018,11,Iowa,45.92
2268,2018,11,Kansas,79.31
2269,2018,11,Kentucky,6343.469999999999
2270,2018,11,Louisiana,0.0
2271,2018,11,Maine,0.0
2272,2018,11,Maryland,4676.49
2273,2018,11,Massachusetts,281.63
2274,2018,11,Michigan,1024.11
2275,2018,11,Minnesota,153.46
2276,2018,11,Mississippi,173.8
2277,2018,11,Missouri,260.0
2278,2018,11,Montana,0.0
2279,2018,11,Nebraska,0.0
2280,2018,11,Nevada,0.0
2281,2018,11,New Hampshire,0.0
2282,2018,11,New Jersey,46.26
2283,2018,11,New Mexico,201.36
2284,2018,11,New York,18190.242
2285,2018,11,North Carolina,13993.298
2286,2018,11,North Dakota,0.0
2287,2018,11,Ohio,4523.492
2288,2018,11,Oklahoma,38.16
2289,2018,11,Oregon,29.448000000000004
2290,2018,11,Pennsylvania,7158.675
2291,2018,11,Rhode Island,0.0
2292,2018,11,South Carolina,406.93999999999994
2293,2018,11,South Dakota,25.5
2294,2018,11,Tennessee,1869.917
2295,2018,11,Texas,7968.447
2296,2018,11,Utah,19.44
2297,2018,11,Vermont,0.0
2298,2018,11,Virginia,88.62
2299,2018,11,Washington,11829.358
2300,2018,11,West Virginia,0.0
2301,2018,11,Wisconsin,352.39
2302,2018,11,Wyoming,0.0
2303,2018,12,Alabama,961.24
2304,2018,12,Arizona,1533.735
2305,2018,12,Arkansas,1357.42
2306,2018,12,California,19318.023
2307,2018,12,Colorado,3440.093
2308,2018,12,Connecticut,1563.65
2309,2018,12,Delaware,0.0
2310,2018,12,District of Columbia,0.0
2311,2018,12,Florida,1183.3509999999999
2312,2018,12,Georgia,0.0
2313,2018,12,Idaho,21.312
2314,2018,12,Illinois,3902.01
2315,2018,12,Indiana,856.38
2316,2018,12,Iowa,57.43
2317,2018,12,Kansas,0.0
2318,2018,12,Kentucky,4113.58
2319,2018,12,Louisiana,2378.47
2320,2018,12,Maine,0.0
2321,2018,12,Maryland,0.0
2322,2018,12,Massachusetts,3275.162
2323,2018,12,Michigan,4039.81
2324,2018,12,Minnesota,1190.23
2325,2018,12,Mississippi,1057.42
2326,2018,12,Missouri,839.43
2327,2018,12,Montana,0.0
2328,2018,12,Nebraska,3281.06
2329,2018,12,Nevada,1669.6
2330,2018,12,New Hampshire,0.0
2331,2018,12,New Jersey,1054.4
2332,2018,12,New Mexico,249.51
2333,2018,12,New York,6705.378000000001
2334,2018,12,North Carolina,143.894
2335,2018,12,North Dakota,28.38
2336,2018,12,Ohio,2005.97
2337,2018,12,Oklahoma,10.8
2338,2018,12,Oregon,0.0
2339,2018,12,Pennsylvania,2967.016
2340,2018,12,Rhode Island,1508.88
2341,2018,12,South Carolina,38.64
2342,2018,12,South Dakota,0.0
2343,2018,12,Tennessee,2107.452
2344,2018,12,Texas,2699.3308
2345,2018,12,Utah,0.0
2346,2018,12,Vermont,205.03
2347,2018,12,Virginia,1868.27
2348,2018,12,Washington,3419.822
2349,2018,12,West Virginia,0.0
2350,2018,12,Wisconsin,1978.21
2351,2018,12,Wyoming,0.0
